_id,country,date,name,photos,tag_href,tag_title,url
0e81f99cebef2fc5043b2436abdf769711211b3be723f26d45c7823fc57f3ed8,"San Diego, United States",2016-10-17T02:59:40.000Z,body of water during daytime,"full/766ef8e89545d7f796aacf9387a786fa623aa670.jpg,full/78c69e08c09cc2fed72a81fe3bfd9e881e69740f.jpg,full/acc586eee9724fa78d4cbfb9585aedad01e20111.jpg,full/e63630822dcf625beaddd0a1670358ce978d9e15.jpg,full/acc586eee9724fa78d4cbfb9585aedad01e20111.jpg,full/e63630822dcf625beaddd0a1670358ce978d9e15.jpg",/s/photos/sea,sea images,https://unsplash.com/photos/body-of-water-during-daytime-eXHeq48Z-Q4
1cea5462af03f234bb0b82be400fc2d91dccc598c56f3a88440ef547fda8a49d,no information available,2017-06-12T18:09:25.000Z,cloud above ocean,"full/86c5c15eccb1eb71e0c69bf7c18ef797f25bef83.jpg,full/cf9dcea6bfbf5d63170a2e41aec04fe1d00c6da1.jpg,full/cf30efec7a576402d0bf37092ac3010325c6718d.jpg,full/95ffd2d086c93848d0a667d8db80caf9f78968f3.jpg,full/cf30efec7a576402d0bf37092ac3010325c6718d.jpg,full/95ffd2d086c93848d0a667d8db80caf9f78968f3.jpg",/s/photos/sea,sea images,https://unsplash.com/photos/cloud-above-ocean-xe-ss5Tg2mo
242445a9f9c516bf4b03d38663e4a091af041ef74ccf16df9c36401f3b6049f1,"Cape Point, Cape Town, South Africa",2017-05-15T20:26:16.000Z,aerial view of seashore with stones,"full/464aee77e74b32c6a1ca1454b61a3b1c0f7baaae.jpg,full/cabdb4e756ea64ea3b0c1d12a0e1e88dbdb35847.jpg,full/c29b37b1a174581b018753eb2ed94d286d25d934.jpg,full/8d814ee348334464dc14bd4c8cb90295a08e99a0.jpg,full/c29b37b1a174581b018753eb2ed94d286d25d934.jpg,full/8d814ee348334464dc14bd4c8cb90295a08e99a0.jpg",/s/photos/ocean,ocean images,https://unsplash.com/photos/aerial-view-of-seashore-with-stones-J3ABLQjZQBg
97af2c05f14c5ec70085be1cdd214d049c67e3e056dff00f1e62dbb8e6d0a24e,"Bondi Beach, Australia",2018-02-17T03:25:36.000Z,body of water under sky,"full/6a58a50e9c315a33fd307b515707f225cbb4fde2.jpg,full/c763e7bad9b66caca67527e8d567b13edf466315.jpg,full/07fab9f5049f834de3eee557a724bfd69467702e.jpg,full/6e7ea7411c86666cea70cd2acb3003a67314eab4.jpg,full/07fab9f5049f834de3eee557a724bfd69467702e.jpg,full/6e7ea7411c86666cea70cd2acb3003a67314eab4.jpg",/s/photos/ocean,ocean images,https://unsplash.com/photos/body-of-water-under-sky-6ArTTluciuA
18524844e50322ace6fe528ea6b96c8f45681ad0f198a86cb5117f11c452b8aa,no information available,2022-11-30T11:27:13.000Z,a body of water with clouds above it,"full/472537c06422a611b78352259eaa60d4916ff806.jpg,full/e1bb75cde3dd44b796e72e19b420c3d1cf128a10.jpg,full/3bed8db1b2da20468c206edff76aa06efc955b1a.jpg,full/50b7eee6189afc50e78e7d8d397de2b3b41b720b.jpg,full/3bed8db1b2da20468c206edff76aa06efc955b1a.jpg,full/50b7eee6189afc50e78e7d8d397de2b3b41b720b.jpg,full/0cc9acfbcecc98521d9e28ae9329e59e0d04716f.jpg,full/80487105d0f6dfe424a14dbf8dbc1eae2b5f8f9a.jpg,full/661da464e42acf9e7a6387a35e82be3b2d26c146.jpg,full/40f23b05bdc1e35dd2dc8f50a73bd4d0bb1dc3e8.jpg,full/9b9c5502649b002785eee5d879658224e16de697.jpg,full/46582962412cbb3154e5996a91d109903be43d3e.jpg,full/536582999fe2e234f4718b082c18c1654da90c52.jpg,full/5e74f5594cd9b5783be14f4b7528739720748ae3.jpg,full/b60806d55e23d7be337a3e2644dec06b7ac33b99.jpg,full/4844f1efe7f3472aea150549197324ae3bbdc178.jpg,full/5d3bcaa8995e0ca373437a5e2a9ac5507103e7f7.jpg,full/356b9751183384c5eed852c7b2200d228e95ef21.jpg,full/b85f2703d77291158a0a52a3a1dd664535493723.jpg,full/a85b03e63e8e2c5843c336885307093c032fa5f2.jpg,full/0d1f67a0a898fa5bff1363c138409969790ec216.jpg,full/5ef6917da71c6a68171438bc9d419cb8ea37fcb3.jpg,full/2b4bcc5c8afeca74e7391b03670a277c008e62d2.jpg,full/33c2eaf6f781285ed1c49279ba7e8fc7c1d96100.jpg,full/fd30d75b78b9c85339e1f57424564cadf04e1f32.jpg,full/2ded0913e0a9056507c5149ec98175c87f30fc96.jpg",/s/photos/carribean,carribean images,https://unsplash.com/photos/a-body-of-water-with-clouds-above-it-71TCeLOLd1o
fd3bab736b4d38fa7fa938b5017cd2f40b7cecdb5d4e80aab531983f61e45519,no information available,2016-06-03T03:41:42.000Z,photo of underwater,"full/196070af8ec62529eddb679afed4275a7ee959db.jpg,full/360093f222e0b012d7f89eac7214fbfa8bc7b066.jpg,full/f21368a4be9be382d366fde20a4afee5d6ae62f5.jpg,full/408e40ddf6fdb092d1fd3913bc69d9f7eaf58e0c.jpg,full/f21368a4be9be382d366fde20a4afee5d6ae62f5.jpg,full/408e40ddf6fdb092d1fd3913bc69d9f7eaf58e0c.jpg",/s/photos/water,water images,https://unsplash.com/photos/photo-of-underwater-1braZySlEKA
2bf1b6201333df0e706801b3d9f1d70639b0b742236bc8ffbfa2624e8324b8c3,no information available,2023-01-09T10:54:47.000Z,a woman riding a wave on top of a surfboard,"full/f0bba95800d7694b604c2a1ffe4c05d4a3c57e1f.jpg,full/5d2f5e1ba80ce35d5af1766b0724920764aa347c.jpg,full/fcb6e6b1c1b27a28a96340ff1241928d7b1cb18e.jpg,full/e9221f6a4dee9a7baffa72c2aa9babdca776b0f0.jpg,full/fcb6e6b1c1b27a28a96340ff1241928d7b1cb18e.jpg,full/e9221f6a4dee9a7baffa72c2aa9babdca776b0f0.jpg,full/12c78449d5296b152af35aa4a8f64e0f234327fb.jpg,full/44ac475200530aaeaa73c8a1961c4c031b0ff3e5.jpg,full/11cd34913b65d4ff36772ada5f45fb75c6c68a4c.jpg,full/b9803e90c7ded2103ed0319d5ccb453ecd694f0f.jpg,full/5e89b799db9323584f99b8d39cca0e93f056ec26.jpg,full/6129489939414f8f5a3a42522216392da5291880.jpg,full/e9b0ed2d82854086891ebb68e6e6ce423a68cdb6.jpg,full/1dd8ca63eb10499a70cfade6c4ecf35de8ae25b6.jpg,full/943ec4bac12511fc2249edc1afce8259a1f2e4ac.jpg,full/de25175b7213bec00742d2db2eaf678ee8cf662e.jpg,full/809dc48ddb7338be35521cb371d2b466ae4a7cb5.jpg,full/5398b25ba5d86c56da8d3ad3169236542ee92066.jpg,full/ce731acccd8b04015f052f950a9d1784fa2717ba.jpg,full/02d370829b64e740425456d52f3b13c5cf9d4ea9.jpg,full/8bde53728a29438edeeb2c0be082be66b8375e20.jpg,full/72995cb27269bbbdb6490fb2aa48dafc1ea42379.jpg,full/b3fd584c5d96e98d874bd9b6fc3a3e5525185ec5.jpg,full/f344e45c22c3b9570b9d855f7751a3f4a5912db3.jpg,full/2a6f41747bc8299abf167e8cee72af3536d46348.jpg,full/26e2fdbf1c94426f49dc11480b15ee1b29d27d94.jpg",/s/photos/fitness,fitness images,https://unsplash.com/photos/a-woman-riding-a-wave-on-top-of-a-surfboard-CEEbQMPqlGY
72094a32b3bed282477817959c29102779b7cb1e2aceab3d71e8e1e3da7d066f,"Tel Aviv-Yafo, Israel",2015-08-12T18:49:29.000Z,body of water during golden hour,"full/2ff194f176ce5a42a42672b0023bf33cd4458946.jpg,full/4fa4a8ae86a21faae52d2798738621556dd259d6.jpg,full/9dd93fa1b7e089d6dade9c1212ed9f9c1961699f.jpg,full/893f2cd5b376abe001ee3e06f73dbb99e5395709.jpg,full/9dd93fa1b7e089d6dade9c1212ed9f9c1961699f.jpg,full/893f2cd5b376abe001ee3e06f73dbb99e5395709.jpg",/s/photos/sea,sea images,https://unsplash.com/photos/body-of-water-during-golden-hour-oQl0eVYd_n8
8c2699a277c8e9ee91a5ff7f80b15144b91e6d45519561519e8356a7bf6d82f7,"Isle of Skye, United Kingdom",2023-01-08T09:54:27.000Z,a large body of water with waves on it,"full/0172d22af93d3e3cc6ddce4f5ef0a2d3d32f47d0.jpg,full/4db5caab3ed932d3002acd5b3b81bb737b65270b.jpg,full/20ee6f65991ee24f36b5692c84e52c432156b9cd.jpg,full/c67f1567bda5716ec53ac0e102c2c62156e9c045.jpg,full/20ee6f65991ee24f36b5692c84e52c432156b9cd.jpg,full/c67f1567bda5716ec53ac0e102c2c62156e9c045.jpg,full/940ad5c2b2596b8a3f261e4d551d03290436d99c.jpg,full/fcb4be88640930cbf7b882b85f788f11e37906d5.jpg,full/7c695ac57e430d1b344686632da3df556b6b4f98.jpg,full/bd05a98c642a607d31b95205f8047ad792fe5e77.jpg,full/e6050acb30a6ae11dc07cfca08e0c884498024a8.jpg,full/3418d2c7021ab283733ec1fda21a0131b7565a4b.jpg,full/b5246dd8cdbc226f16a0aa9d3c8fbde98bf47783.jpg,full/b45582ca0b35326200a8c23aa55a71cc379c51b2.jpg,full/2745ad077d28a76524b5cb9f97148a798ad1a78e.jpg,full/620fa29907327cf32a83a8d4c24dc03e41b47b40.jpg,full/efb71846cc3fabf2ed4c656092f6eeb4a67d45a8.jpg,full/23c20a35e24c2672ae59473d923c1c0118c497d3.jpg,full/621a2efefd2175f2d96fc29f3ceaa8a335aca3da.jpg,full/0adf37471ea5bfa5a7c6bea3d0e74cdf5581209f.jpg,full/d9349f02ffd1e38e791f87e6165122afb7e98849.jpg,full/7511e0e232ee6ef33534d36aca7e3bfcb177f5d7.jpg,full/729267039dacc79a29592931787b2976baed2dd1.jpg,full/faa7d7bef9d33cbd9782d0026866894546719140.jpg,full/fe60b6b6409d2d29d98a9f75d39569e587a9a643.jpg,full/70393e285ea5e79d826dcf592944ca756a19c1e8.jpg",/s/photos/texture,texture images,https://unsplash.com/photos/a-large-body-of-water-with-waves-on-it-TA6F3MVTNxE
9d0cbc95a8946e04d1857492462af89f29b53f98a595be5d60da212d796198cb,"Taghazout, Morocco",2017-03-07T21:20:43.000Z,time lapse photography of body of water,"full/eed951891f49cbc49c6b34a6077e11a67fd50cb4.jpg,full/edd0d1f37235eb6a32b8f51ae5e5c0a7dcea7b0a.jpg,full/1056314f4de31f91cd01553a2d7ee816986a1a9a.jpg,full/225648851de9a89880d4118266d63d228dbabc89.jpg,full/1056314f4de31f91cd01553a2d7ee816986a1a9a.jpg,full/225648851de9a89880d4118266d63d228dbabc89.jpg",/s/photos/sea,sea images,https://unsplash.com/photos/time-lapse-photography-of-body-of-water-PKEPAeMBOIU
a638c2d88c563f26385dc08fb3181fdb61352313d251d179380c33d0309cfcb9,"MÃ¡laga, Spain",2017-11-10T07:18:17.000Z,body of water,"full/0001f4678b82e39ab96ebbc54e5ddf5d2a747abb.jpg,full/4eb214768b699f592bd45bde4f8e3246f9c3d148.jpg,full/e666fd1eaf1919ce9cad7704ea04d4a42c56e80f.jpg,full/050be8fa4ea45db308b0cf581636a02a9c0d5b69.jpg,full/e666fd1eaf1919ce9cad7704ea04d4a42c56e80f.jpg,full/050be8fa4ea45db308b0cf581636a02a9c0d5b69.jpg",/s/photos/grey,grey images,https://unsplash.com/photos/body-of-water-iMPND6oFrLo
66decd64027c7e5c7e3546b1692fec3c5ca45745270ad38ac9cb0d17f6925fe7,no information available,2017-01-13T07:12:03.000Z,photo of ocean waves at daytime,"full/8fe5cdc9fd212ead56f6662b3f29ed785f761efe.jpg,full/f5bf5cd3d75242c63b030bf18d2e9fb690f66061.jpg,full/045ddaef5deda3db8f3c0dc6a680b08e87102dfa.jpg,full/1b588eb19088f8a07b557b2db2d53dcf0c91dff7.jpg,full/045ddaef5deda3db8f3c0dc6a680b08e87102dfa.jpg,full/1b588eb19088f8a07b557b2db2d53dcf0c91dff7.jpg",/s/photos/water,water images,https://unsplash.com/photos/photo-of-ocean-waves-at-daytime-wc9avd2RaN0
47ae0ee6a110399433d807568f2a0e675de0c85d1a05b3509a4fb61938628809,"San Diego, United States",2016-08-23T03:25:17.000Z,five birds flying on the sea,"full/766ef8e89545d7f796aacf9387a786fa623aa670.jpg,full/78c69e08c09cc2fed72a81fe3bfd9e881e69740f.jpg,full/d5e9eb01e15bff8b512bcf460f4d441984388e2c.jpg,full/478dcd9fe58619b3dec1b6d71c063c1ec3c27b5d.jpg,full/d5e9eb01e15bff8b512bcf460f4d441984388e2c.jpg,full/478dcd9fe58619b3dec1b6d71c063c1ec3c27b5d.jpg",/s/photos/sea,sea images,https://unsplash.com/photos/five-birds-flying-on-the-sea-OD9EOzfSOh0
c6e2f906baa35343ec9832cf4a31023fec1c9f1f3548bb1a7478d9474beed434,"Zenith Beach, Shoal Bay, Australia",2017-12-17T23:33:39.000Z,iPhone wallpaper,"full/7a154cc2478385a8e38eab0b53d709e02665bff4.jpg,full/a5b41bb75079ffe089b6c74760d9e38a53ee68b9.jpg,full/ff18756814d8aa855083e7668ba1c9c2ab7a08f4.jpg,full/022d7c0a2fc2927ad229d1c2314db36b6f87ac95.jpg,full/ff18756814d8aa855083e7668ba1c9c2ab7a08f4.jpg,full/022d7c0a2fc2927ad229d1c2314db36b6f87ac95.jpg",/s/photos/ocean,ocean images,https://unsplash.com/photos/iphone-wallpaper-8Ogfqvw15Rg
1f29491d282d25f174b3a58e6a2718c599f25381296b1006a1bc1052d17f06f3,Indonesia,2017-10-21T22:17:21.000Z,bird's-eye view of sea waves,"full/f5f9bbbb89ec4a863168e77e96d1abb75dcee107.jpg,full/8d663c9e591d6bdbfaa7175c0d2239d50d5f7a7f.jpg,full/11cfa9378721c4ab29264e08cbe702543554cf36.jpg,full/1270465a6b99f1a91b0a256d4d1954f15b01c4e0.jpg,full/11cfa9378721c4ab29264e08cbe702543554cf36.jpg,full/1270465a6b99f1a91b0a256d4d1954f15b01c4e0.jpg",/s/photos/ocean,ocean images,https://unsplash.com/photos/birds-eye-view-of-sea-waves-4wFqHZ1ONnM
aca08a0f94c6bc9c490305b31ba81bc8360a937ba53bcb7d5d1ed3bf8c7e9674,"North Shore, Waialua, United States",2017-10-09T05:04:47.000Z,seashore during golden hour,"full/df2b1acb28b03bdc195369229403bcc1d8f5087a.jpg,full/6229d6230eb8f49a12bb4c522b7161ad021ade24.jpg,full/ce15b13e16d64a5c10b2d6b2e9ef074fc4028e95.jpg,full/2ed4f0259461ce3453e0769028cbf0270a49fae1.jpg,full/ce15b13e16d64a5c10b2d6b2e9ef074fc4028e95.jpg,full/2ed4f0259461ce3453e0769028cbf0270a49fae1.jpg",/s/photos/beach,beach images,https://unsplash.com/photos/seashore-during-golden-hour-KMn4VEeEPR8
a4871ef2528e5604104e25b246e4b1d21eff5a73542905ad42519ca3f5e7777a,Maldives,2017-09-11T15:09:43.000Z,aerial photo of seashore,"full/e40c4a274696433f433fd7ba668acbc778db4832.jpg,full/82d281e49ead8d81e7886b6d5fc03cca3e298e7a.jpg,full/db92e6294bbfe1af5c5f18c2b6ecf57e8ba4b6e7.jpg,full/891613451542d2e391257593c11a045e6fe96e16.jpg,full/db92e6294bbfe1af5c5f18c2b6ecf57e8ba4b6e7.jpg,full/891613451542d2e391257593c11a045e6fe96e16.jpg",/s/photos/nature,nature images,https://unsplash.com/photos/aerial-photo-of-seashore-sLAk1guBG90
4b99bd2ec0ee8fe6698ac34380351391c8e512bb87ffdafe92fd282f18172f8e,no information available,2019-06-06T12:52:18.000Z,blue and clear body of water,"full/e2a1180afecb4cfb221487f5f45478ad319b6966.jpg,full/42150a28982bfeffb8aff76868ceb30a3f608ce4.jpg,full/4401abdc4456c1a35c7c8dfc910ae171f1ee6db3.jpg,full/6dd53f8a3cedfff7e58127f18a6dd20794e8e51e.jpg,full/4401abdc4456c1a35c7c8dfc910ae171f1ee6db3.jpg,full/6dd53f8a3cedfff7e58127f18a6dd20794e8e51e.jpg",/s/photos/water,water images,https://unsplash.com/photos/blue-and-clear-body-of-water-K785Da4A_JA
c9843bdbbede5154b42e11a86b967083fc6d9be486556c4337ec4962abaa81c2,"Thaa Atoll, Maldives",2022-10-21T09:21:09.000Z,an aerial view of an island in the middle of the ocean,"full/0e6f2fb6c3c823c3c202aee460f285a5f6371294.jpg,full/f1cf20d0964dded51bc1ce0c8d845ce38fb5fb74.jpg,full/54b387cee5025c22be7b6dae3ec35296982ea2f5.jpg,full/4a3fce57fcf187a6a2ce0175be4df71deed54c14.jpg,full/54b387cee5025c22be7b6dae3ec35296982ea2f5.jpg,full/4a3fce57fcf187a6a2ce0175be4df71deed54c14.jpg",/s/photos/maldives,maldives images,https://unsplash.com/photos/an-aerial-view-of-an-island-in-the-middle-of-the-ocean-uxhmO7BumvA
cbae887483f88ec209afb655c1eb141d3682246bad826e80f0856aa7692b610f,"Sea Point, Cape Town, South Africa",2023-02-06T06:22:24.000Z,a man riding a surfboard on top of a wave in the ocean,"full/408fe6eda01bcdac13ef48de0961453ac0f0c9f4.jpg,full/0e654d34488c7d8b11e61ec97b35f5016aa4a629.jpg,full/564979f590d07b1023cb048200c25cb18d9ca438.jpg,full/adabcc87278b372213263e56ac80661f42c575e3.jpg,full/564979f590d07b1023cb048200c25cb18d9ca438.jpg,full/adabcc87278b372213263e56ac80661f42c575e3.jpg",/s/photos/nature,nature images,https://unsplash.com/photos/a-man-riding-a-surfboard-on-top-of-a-wave-in-the-ocean-Xk4hnBZHHZ0
